protein1,residue1,protein2,residue2,unique ID,score
Csl4,42,Rrp42,237,1,1
Csl4,42,Rrp42,240,2,1
Csl4,219,Ski7,305,3,1
Csl4,285,Csl4,219,4,1
Csl4,116,Csl4,119,5,1
Dis3,741,Rrp45,241,6,1
Dis3,497,Rrp45,292,7,1
Dis3,741,Rrp6,700,8,1
Dis3,34,Ski6,83,9,1
Dis3,993,Dis3,995,10,1
Dis3,530,Dis3,532,11,1
Dis3,305,Dis3,391,12,1
Dis3,461,Dis3,433,13,1
Dis3,461,Dis3,305,14,1
Dis3,22,Dis3,34,15,1
Dis3,515,Dis3,532,16,1
Dis3,537,Dis3,532,17,1
Dis3,186,Dis3,54,18,1
Dis3,993,Dis3,447,19,1
Dis3,558,Dis3,679,20,1
Dis3,969,Dis3,1001,21,1
Dis3,664,Dis3,679,22,1
Dis3,375,Dis3,385,23,1
Dis3,297,Dis3,385,24,1
Dis3,524,Dis3,532,25,1
Dis3,557,Dis3,532,26,1
Dis3,741,Dis3,530,27,1
Dis3,719,Dis3,685,28,1
Dis3,741,Dis3,532,29,1
Dis3,22,Dis3,124,30,1
Dis3,718,Dis3,685,31,1
Dis3,305,Dis3,297,32,1
Dis3,124,Dis3,143,33,1
Dis3,993,Dis3,1001,34,1
Dis3,995,Dis3,433,35,1
Dis3,461,Dis3,124,36,1
Dis3,920,Dis3,297,37,1
Dis3,920,Dis3,385,38,1
Dis3,243,Dis3,305,39,1
Dis3,243,Dis3,124,40,1
Lrp1,141,Rrp6,379,41,1
Lrp1,16,Rrp6,45,42,1
Lrp1,22,Rrp6,45,43,1
Lrp1,103,Rrp6,106,44,1
Lrp1,103,Rrp6,379,45,1
Lrp1,110,Rrp6,379,46,1
Lrp1,112,Lrp1,103,47,1
Lrp1,154,Lrp1,164,48,1
Lrp1,16,Lrp1,8,49,1
Lrp1,81,Lrp1,84,50,1
Lrp1,91,Lrp1,84,51,1
Lrp1,91,Lrp1,99,52,1
Lrp1,103,Lrp1,91,53,1
Lrp1,110,Lrp1,91,54,1
Lrp1,110,Lrp1,99,55,1
Lrp1,112,Lrp1,91,56,1
Mtr3,16,Rrp45,130,57,1
Mtr3,16,Ski6,88,58,1
Mtr3,16,Mtr3,31,59,1
Rrp4,353,Ski6,238,60,1
Rrp4,122,Ski7,39,61,1
Rrp4,151,Ski7,325,62,1
Rrp4,151,Ski7,620,63,1
Rrp4,235,Ski7,87,64,1
Rrp4,255,Rrp6,513,65,1
Rrp4,255,Ski7,582,66,1
Rrp4,151,Ski7,87,67,1
Rrp4,235,Ski7,111,68,1
Rrp4,125,Rrp4,122,69,1
Rrp4,235,Rrp4,190,70,1
Rrp4,151,Rrp4,122,71,1
Rrp4,151,Rrp4,190,72,1
Rrp4,255,Rrp4,122,73,1
Rrp4,255,Rrp4,151,74,1
Rrp4,255,Rrp4,190,75,1
Rrp4,255,Rrp4,235,76,1
Rrp40,108,Rrp4,122,77,1
Rrp40,108,Rrp4,151,78,1
Rrp40,232,Rrp40,228,79,1
Rrp40,176,Rrp40,224,80,1
Rrp40,217,Rrp40,228,81,1
Rrp43,45,Rrp6,595,82,1
Rrp43,71,Rrp42,104,83,1
Rrp43,368,Rrp6,725,84,1
Rrp43,375,Rrp6,727,85,1
Rrp43,71,Mtr3,30,86,1
Rrp43,368,Rrp6,727,87,1
Rrp43,45,Rrp6,665,88,1
Rrp43,45,Rrp6,671,89,1
Rrp43,45,Rrp6,727,90,1
Rrp43,45,Rrp6,732,91,1
Rrp43,71,Mtr3,31,92,1
Rrp43,208,Rrp43,173,93,1
Rrp43,280,Rrp43,173,94,1
Rrp43,204,Rrp43,173,95,1
Rrp45,284,Dis3,741,96,1
Rrp45,3,Ski6,62,97,1
Rrp45,110,Ski6,83,98,1
Rrp45,292,Dis3,599,99,1
Rrp45,284,Rrp45,292,100,1
Rrp45,284,Rrp45,241,101,1
Rrp46,37,Ski6,62,102,1
Rrp6,587,Rrp43,45,103,1
Rrp6,121,Rrp43,45,104,1
Rrp6,421,Rrp4,122,105,1
Rrp6,421,Rrp4,151,106,1
Rrp6,421,Rrp4,235,107,1
Rrp6,513,Rrp4,151,108,1
Rrp6,513,Rrp4,235,109,1
Rrp6,607,Csl4,119,110,1
Rrp6,676,Rrp43,45,111,1
Rrp6,106,Lrp1,99,112,1
Rrp6,343,Lrp1,91,113,1
Rrp6,587,Rrp43,375,114,1
Rrp6,587,Rrp6,595,115,1
Rrp6,121,Rrp6,343,116,1
Rrp6,137,Rrp6,131,117,1
Rrp6,137,Rrp6,269,118,1
Rrp6,153,Rrp6,155,119,1
Rrp6,153,Rrp6,160,120,1
Rrp6,32,Rrp6,40,121,1
Rrp6,339,Rrp6,343,122,1
Rrp6,343,Rrp6,127,123,1
Rrp6,356,Rrp6,343,124,1
Rrp6,40,Rrp6,45,125,1
Rrp6,559,Rrp6,563,126,1
Rrp6,658,Rrp6,660,127,1
Rrp6,658,Rrp6,664,128,1
Rrp6,658,Rrp6,665,129,1
Rrp6,691,Rrp6,676,130,1
Rrp6,127,Rrp6,131,131,1
Rrp6,131,Rrp6,127,132,1
Rrp6,135,Rrp6,127,133,1
Rrp6,32,Rrp6,43,134,1
Rrp6,671,Rrp6,665,135,1
Rrp6,676,Rrp6,665,136,1
Rrp6,732,Rrp6,725,137,1
Ski6,62,Rrp4,125,138,1
Ski6,62,Rrp4,122,139,1
Ski6,92,Rrp45,110,140,1
Ski6,204,Dis3,447,141,1
Ski6,83,Ski6,88,142,1
Ski6,62,Ski6,57,143,1
Ski6,92,Ski6,83,144,1
Ski7,104,Rrp4,235,145,1
Ski7,180,Csl4,119,146,1
Ski7,180,Rrp43,45,147,1
Ski7,181,Rrp43,45,148,1
Ski7,234,Rrp4,122,149,1
Ski7,234,Rrp4,151,150,1
Ski7,305,Rrp4,151,151,1
Ski7,325,Rrp4,190,152,1
Ski7,97,Rrp4,235,153,1
Ski7,104,Ski7,87,154,1
Ski7,104,Ski7,94,155,1
Ski7,111,Ski7,113,156,1
Ski7,16,Ski7,44,157,1
Ski7,29,Ski7,14,158,1
Ski7,29,Ski7,44,159,1
Ski7,29,Ski7,51,160,1
Ski7,305,Ski7,325,161,1
Ski7,325,Ski7,305,162,1
Ski7,325,Ski7,626,163,1
Ski7,336,Ski7,626,164,1
Ski7,44,Ski7,39,165,1
Ski7,44,Ski7,56,166,1
Ski7,51,Ski7,39,167,1
Ski7,585,Ski7,325,168,1
Ski7,585,Ski7,626,169,1
Ski7,61,Ski7,53,170,1
Ski7,97,Ski7,111,171,1
Ski7,111,Ski7,87,172,1
Ski7,113,Ski7,111,173,1
Ski7,118,Ski7,111,174,1
Ski7,29,Ski7,39,175,1
Ski7,305,Ski7,585,176,1
Ski7,61,Ski7,39,177,1
Ski7,94,Ski7,86,178,1
Ski7,97,Ski7,87,179,1
